Source Node,Breadcrumb Path,Content Type,URL,Title,Author,File Type,Size,URL Valid
treeitem-70be9a25-label,Schrack4Students > AT > Bücher > Elektrotechnik Grundlagen mit angewandter Mathematik 2023 > 1. Mathematische Voraussetzungen,ExternalLink,"https://sfsrgproddiagnostics.file.core.windows.net/assets-production/dynamic_assets/ZF_1.1_ETG_AM.pdf?sv=2019-02-02&ss=f&srt=o&sp=r&se=2050-12-13T18:28:35Z&st=2019-12-13T10:28:35Z&spr=https,http&sig=Nh8ZxCMQSl8zg2AmJEallKUaZygzeBuTzJlFjVcNdYs%3D",ZF_1.1_ETG_AM,Schrack for Students,pdf,380 KB,Valid
treeitem-9a40eb4e-label,Schrack4Students > AT > Bücher > Elektrotechnik Grundlagen mit angewandter Mathematik 2023 > 1. Mathematische Voraussetzungen,ExternalLink,"https://sfsrgproddiagnostics.file.core.windows.net/assets-production/dynamic_assets/ZF_1.2_ETG_AM.pdf?sv=2019-02-02&ss=f&srt=o&sp=r&se=2050-12-13T18:28:35Z&st=2019-12-13T10:28:35Z&spr=https,http&sig=Nh8ZxCMQSl8zg2AmJEallKUaZygzeBuTzJlFjVcNdYs%3D",ZF_1.2_ETG_AM,Schrack for Students,pdf,284 KB,Valid
treeitem-6fd48f5a-label,Schrack4Students > AT > Bücher > Elektrotechnik Grundlagen mit angewandter Mathematik 2023 > 1. Mathematische Voraussetzungen,ExternalLink,"https://sfsrgproddiagnostics.file.core.windows.net/assets-production/dynamic_assets/ZF_1.3_ETG_AM.pdf?sv=2019-02-02&ss=f&srt=o&sp=r&se=2050-12-13T18:28:35Z&st=2019-12-13T10:28:35Z&spr=https,http&sig=Nh8ZxCMQSl8zg2AmJEallKUaZygzeBuTzJlFjVcNdYs%3D",ZF_1.3_ETG_AM,Schrack for Students,pdf,324 KB,Valid
treeitem-273683a3-label,Schrack4Students > AT > Bücher > Elektrotechnik Grundlagen mit angewandter Mathematik 2023 > 1. Mathematische Voraussetzungen,YouTube,https://www.youtube.com/embed/H7WzSiZOauA?wmode=transparent&hl=de&rel=0,YouTube Video (H7WzSiZOauA),,video,,Valid
treeitem-273683a3-label,Schrack4Students > AT > Bücher > Elektrotechnik Grundlagen mit angewandter Mathematik 2023 > 1. Mathematische Voraussetzungen,YouTube,https://www.youtube.com/embed/139a-RJGMs8?wmode=transparent&hl=de&rel=0,YouTube Video (139a-RJGMs8),,video,,Valid
treeitem-273683a3-label,Schrack4Students > AT > Bücher > Elektrotechnik Grundlagen mit angewandter Mathematik 2023 > 1. Mathematische Voraussetzungen,ExternalLink,"https://sfsrgproddiagnostics.file.core.windows.net/assets-production/dynamic_assets/ZF_1.4_ETG_AM.pdf?sv=2019-02-02&ss=f&srt=o&sp=r&se=2050-12-13T18:28:35Z&st=2019-12-13T10:28:35Z&spr=https,http&sig=Nh8ZxCMQSl8zg2AmJEallKUaZygzeBuTzJlFjVcNdYs%3D",ZF_1.4_ETG_AM,Schrack for Students,pdf,343 KB,Valid
treeitem-19a8f901-label,Schrack4Students > AT > Bücher > Elektrotechnik Grundlagen mit angewandter Mathematik 2023 > 1. Mathematische Voraussetzungen,ExternalLink,"https://sfsrgproddiagnostics.file.core.windows.net/assets-production/dynamic_assets/ZF_1.5_ETG_AM.pdf?sv=2019-02-02&ss=f&srt=o&sp=r&se=2050-12-13T18:28:35Z&st=2019-12-13T10:28:35Z&spr=https,http&sig=Nh8ZxCMQSl8zg2AmJEallKUaZygzeBuTzJlFjVcNdYs%3D",ZF_1.5_ETG_AM,Schrack for Students,pdf,216 KB,Valid
treeitem-05bbbad1-label,Schrack4Students > AT > Bücher > Elektrotechnik Grundlagen mit angewandter Mathematik 2023,YouTube,https://www.youtube.com/embed/VpLznQSe69o?wmode=transparent&hl=de&rel=0,YouTube Video (VpLznQSe69o),,video,,Valid
treeitem-1712ec9f-label,Schrack4Students > AT > Bücher > Elektrotechnik Grundlagen mit angewandter Mathematik 2023 > 2. Allgemeine Elektrotechnik,YouTube,https://www.youtube.com/embed/pCgitIoRpv8?wmode=transparent&hl=de&rel=0,YouTube Video (pCgitIoRpv8),,video,,Valid
treeitem-1712ec9f-label,Schrack4Students > AT > Bücher > Elektrotechnik Grundlagen mit angewandter Mathematik 2023 > 2. Allgemeine Elektrotechnik,YouTube,https://www.youtube.com/embed/59-4Auu8mxM?wmode=transparent&hl=de&rel=0,YouTube Video (59-4Auu8mxM),,video,,Valid
treeitem-1712ec9f-label,Schrack4Students > AT > Bücher > Elektrotechnik Grundlagen mit angewandter Mathematik 2023 > 2. Allgemeine Elektrotechnik,ExternalLink,https://www.physik.fu-berlin.de/studium/lehre/gp/dateien/skripte/MP_Skripte/Elektrizitaet/Einfuehrung_Elektrizitaet.pdf,Einführung in die Elektrizität,,pdf,601 KB,Valid
treeitem-1712ec9f-label,Schrack4Students > AT > Bücher > Elektrotechnik Grundlagen mit angewandter Mathematik 2023 > 2. Allgemeine Elektrotechnik,ExternalLink,"https://sfsrgproddiagnostics.file.core.windows.net/assets-production/dynamic_assets/ZF_2.1_2.2_ETG_AM.pdf?sv=2019-02-02&ss=f&srt=o&sp=r&se=2050-12-13T18:28:35Z&st=2019-12-13T10:28:35Z&spr=https,http&sig=Nh8ZxCMQSl8zg2AmJEallKUaZygzeBuTzJlFjVcNdYs%3D",ZF_2.1_2.2_ETG_AM,Schrack for Students,pdf,473 KB,Valid
treeitem-2daf88c5-label,Schrack4Students > AT > Bücher > Elektrotechnik Grundlagen mit angewandter Mathematik 2023 > 2. Allgemeine Elektrotechnik,YouTube,https://www.youtube.com/embed/zaigRX4M1KU?wmode=transparent&hl=de&rel=0,YouTube Video (zaigRX4M1KU),,video,,Valid
treeitem-2daf88c5-label,Schrack4Students > AT > Bücher > Elektrotechnik Grundlagen mit angewandter Mathematik 2023 > 2. Allgemeine Elektrotechnik,ExternalLink,"https://sfsrgproddiagnostics.file.core.windows.net/assets-production/dynamic_assets/ZF_2.1_2.2_ETG_AM.pdf?sv=2019-02-02&ss=f&srt=o&sp=r&se=2050-12-13T18:28:35Z&st=2019-12-13T10:28:35Z&spr=https,http&sig=Nh8ZxCMQSl8zg2AmJEallKUaZygzeBuTzJlFjVcNdYs%3D",ZF_2.1_2.2_ETG_AM,Schrack for Students,pdf,473 KB,Valid
treeitem-6bd6d3ce-label,Schrack4Students > AT > Bücher > Elektrotechnik Grundlagen mit angewandter Mathematik 2023 > 2. Allgemeine Elektrotechnik,YouTube,https://www.youtube.com/embed/rtQoEw3H_F8?wmode=transparent&hl=de&rel=0,YouTube Video (rtQoEw3H_F8),,video,,Valid
treeitem-6bd6d3ce-label,Schrack4Students > AT > Bücher > Elektrotechnik Grundlagen mit angewandter Mathematik 2023 > 2. Allgemeine Elektrotechnik,YouTube,https://www.youtube.com/embed/2x-NTqIuG_4?wmode=transparent&hl=de&rel=0,YouTube Video (2x-NTqIuG_4),,video,,Valid
treeitem-6bd6d3ce-label,Schrack4Students > AT > Bücher > Elektrotechnik Grundlagen mit angewandter Mathematik 2023 > 2. Allgemeine Elektrotechnik,ExternalLink,"https://sfsrgproddiagnostics.file.core.windows.net/assets-production/dynamic_assets/ZF_2.3_ETG_AM.pdf?sv=2019-02-02&ss=f&srt=o&sp=r&se=2050-12-13T18:28:35Z&st=2019-12-13T10:28:35Z&spr=https,http&sig=Nh8ZxCMQSl8zg2AmJEallKUaZygzeBuTzJlFjVcNdYs%3D",ZF_2.3_ETG_AM,Schrack for Students,pdf,348 KB,Valid
treeitem-5d53966e-label,Schrack4Students > AT > Bücher > Elektrotechnik Grundlagen mit angewandter Mathematik 2023 > 2. Allgemeine Elektrotechnik,YouTube,https://www.youtube.com/embed/7VtViFL1KKI?wmode=transparent&hl=de&rel=0,YouTube Video (7VtViFL1KKI),,video,,Valid
treeitem-5d53966e-label,Schrack4Students > AT > Bücher > Elektrotechnik Grundlagen mit angewandter Mathematik 2023 > 2. Allgemeine Elektrotechnik,YouTube,https://www.youtube.com/embed/DKPEmp4isXA?wmode=transparent&hl=de&rel=0,YouTube Video (DKPEmp4isXA),,video,,Valid
treeitem-5d53966e-label,Schrack4Students > AT > Bücher > Elektrotechnik Grundlagen mit angewandter Mathematik 2023 > 2. Allgemeine Elektrotechnik,YouTube,https://www.youtube.com/embed/1BTGSq7Daus?wmode=transparent&hl=de&rel=0,YouTube Video (1BTGSq7Daus),,video,,Valid
treeitem-5d53966e-label,Schrack4Students > AT > Bücher > Elektrotechnik Grundlagen mit angewandter Mathematik 2023 > 2. Allgemeine Elektrotechnik,ExternalLink,"https://sfsrgproddiagnostics.file.core.windows.net/assets-production/dynamic_assets/ZF_2.4_ETG_AM.pdf?sv=2019-02-02&ss=f&srt=o&sp=r&se=2050-12-13T18:28:35Z&st=2019-12-13T10:28:35Z&spr=https,http&sig=Nh8ZxCMQSl8zg2AmJEallKUaZygzeBuTzJlFjVcNdYs%3D",ZF_2.4_ETG_AM,Schrack for Students,pdf,498 KB,Valid
treeitem-cca98154-label,Schrack4Students > AT > Bücher > Elektrotechnik Grundlagen mit angewandter Mathematik 2023 > 2. Allgemeine Elektrotechnik,YouTube,https://www.youtube.com/embed/mJXN5m8D0Ms?wmode=transparent&hl=de&rel=0,YouTube Video (mJXN5m8D0Ms),,video,,Valid
treeitem-cca98154-label,Schrack4Students > AT > Bücher > Elektrotechnik Grundlagen mit angewandter Mathematik 2023 > 2. Allgemeine Elektrotechnik,YouTube,https://www.youtube.com/embed/DVPFuvtWpek?wmode=transparent&hl=de&rel=0,YouTube Video (DVPFuvtWpek),,video,,Valid
treeitem-cca98154-label,Schrack4Students > AT > Bücher > Elektrotechnik Grundlagen mit angewandter Mathematik 2023 > 2. Allgemeine Elektrotechnik,ExternalLink,"https://sfsrgproddiagnostics.file.core.windows.net/assets-production/dynamic_assets/ZF_2.5_2.6_ETG_AM.pdf?sv=2019-02-02&ss=f&srt=o&sp=r&se=2050-12-13T18:28:35Z&st=2019-12-13T10:28:35Z&spr=https,http&sig=Nh8ZxCMQSl8zg2AmJEallKUaZygzeBuTzJlFjVcNdYs%3D",ZF_2.5_2.6_ETG_AM,Schrack for Students,pdf,517 KB,Valid
treeitem-6e122c92-label,Schrack4Students > AT > Bücher > Elektrotechnik Grundlagen mit angewandter Mathematik 2023 > 2. Allgemeine Elektrotechnik,YouTube,https://www.youtube.com/embed/mJXN5m8D0Ms?wmode=transparent&hl=de&rel=0,YouTube Video (mJXN5m8D0Ms),,video,,Valid
treeitem-6e122c92-label,Schrack4Students > AT > Bücher > Elektrotechnik Grundlagen mit angewandter Mathematik 2023 > 2. Allgemeine Elektrotechnik,ExternalLink,"https://sfsrgproddiagnostics.file.core.windows.net/assets-production/dynamic_assets/ZF_2.5_2.6_ETG_AM.pdf?sv=2019-02-02&ss=f&srt=o&sp=r&se=2050-12-13T18:28:35Z&st=2019-12-13T10:28:35Z&spr=https,http&sig=Nh8ZxCMQSl8zg2AmJEallKUaZygzeBuTzJlFjVcNdYs%3D",ZF_2.5_2.6_ETG_AM,Schrack for Students,pdf,517 KB,Valid
treeitem-6f6a246a-label,Schrack4Students > AT > Bücher > Elektrotechnik Grundlagen mit angewandter Mathematik 2023 > 2. Allgemeine Elektrotechnik,YouTube,https://www.youtube.com/embed/HkRVCYeeCvY?wmode=transparent&hl=de&rel=0,YouTube Video (HkRVCYeeCvY),,video,,Valid
treeitem-6f6a246a-label,Schrack4Students > AT > Bücher > Elektrotechnik Grundlagen mit angewandter Mathematik 2023 > 2. Allgemeine Elektrotechnik,ExternalLink,"https://sfsrgproddiagnostics.file.core.windows.net/assets-production/dynamic_assets/ZF_2.7_ETG_AM.pdf?sv=2019-02-02&ss=f&srt=o&sp=r&se=2050-12-13T18:28:35Z&st=2019-12-13T10:28:35Z&spr=https,http&sig=Nh8ZxCMQSl8zg2AmJEallKUaZygzeBuTzJlFjVcNdYs%3D",ZF_2.7_ETG_AM,Schrack for Students,pdf,459 KB,Valid
treeitem-52bfc630-label,Schrack4Students > AT > Bücher > Elektrotechnik Grundlagen mit angewandter Mathematik 2023 > 2. Allgemeine Elektrotechnik,YouTube,https://www.youtube.com/embed/r1RPok-_xrU?wmode=transparent&hl=de&rel=0,YouTube Video (r1RPok-_xrU),,video,,Valid
treeitem-52bfc630-label,Schrack4Students > AT > Bücher > Elektrotechnik Grundlagen mit angewandter Mathematik 2023 > 2. Allgemeine Elektrotechnik,ExternalLink,"https://sfsrgproddiagnostics.file.core.windows.net/assets-production/dynamic_assets/ZF_2.8_ETG_AM.pdf?sv=2019-02-02&ss=f&srt=o&sp=r&se=2050-12-13T18:28:35Z&st=2019-12-13T10:28:35Z&spr=https,http&sig=Nh8ZxCMQSl8zg2AmJEallKUaZygzeBuTzJlFjVcNdYs%3D",ZF_2.8_ETG_AM,Schrack for Students,pdf,429 KB,Valid
treeitem-07354a33-label,Schrack4Students > AT > Bücher > Elektrotechnik Grundlagen mit angewandter Mathematik 2023 > 2. Allgemeine Elektrotechnik,YouTube,https://www.youtube.com/embed/DtUYE3Jn2L8?wmode=transparent&hl=de&rel=0,YouTube Video (DtUYE3Jn2L8),,video,,Valid
treeitem-07354a33-label,Schrack4Students > AT > Bücher > Elektrotechnik Grundlagen mit angewandter Mathematik 2023 > 2. Allgemeine Elektrotechnik,YouTube,https://www.youtube.com/embed/z--fVW6TOQY?wmode=transparent&hl=de&rel=0,YouTube Video (z--fVW6TOQY),,video,,Valid
treeitem-07354a33-label,Schrack4Students > AT > Bücher > Elektrotechnik Grundlagen mit angewandter Mathematik 2023 > 2. Allgemeine Elektrotechnik,ExternalLink,"https://sfsrgproddiagnostics.file.core.windows.net/assets-production/dynamic_assets/ZF_2.9_ETG_AM.pdf?sv=2019-02-02&ss=f&srt=o&sp=r&se=2050-12-13T18:28:35Z&st=2019-12-13T10:28:35Z&spr=https,http&sig=Nh8ZxCMQSl8zg2AmJEallKUaZygzeBuTzJlFjVcNdYs%3D",ZF_2.9_ETG_AM,Schrack for Students,pdf,491 KB,Valid
treeitem-47304302-label,Schrack4Students > AT > Bücher > Elektrotechnik Grundlagen mit angewandter Mathematik 2023 > 2. Allgemeine Elektrotechnik,YouTube,https://www.youtube.com/embed/7kEtCQthHR8?wmode=transparent&hl=de&rel=0,YouTube Video (7kEtCQthHR8),,video,,Valid
treeitem-47304302-label,Schrack4Students > AT > Bücher > Elektrotechnik Grundlagen mit angewandter Mathematik 2023 > 2. Allgemeine Elektrotechnik,YouTube,https://www.youtube.com/embed/Fmscd9X9WFo?wmode=transparent&hl=de&rel=0,YouTube Video (Fmscd9X9WFo),,video,,Valid
treeitem-47304302-label,Schrack4Students > AT > Bücher > Elektrotechnik Grundlagen mit angewandter Mathematik 2023 > 2. Allgemeine Elektrotechnik,YouTube,https://www.youtube.com/embed/Qkyan9pizMM?wmode=transparent&hl=de&rel=0,YouTube Video (Qkyan9pizMM),,video,,Valid
treeitem-47304302-label,Schrack4Students > AT > Bücher > Elektrotechnik Grundlagen mit angewandter Mathematik 2023 > 2. Allgemeine Elektrotechnik,ExternalLink,"https://sfsrgproddiagnostics.file.core.windows.net/assets-production/dynamic_assets/ZF_2.10_ETG_AM.pdf?sv=2019-02-02&ss=f&srt=o&sp=r&se=2050-12-13T18:28:35Z&st=2019-12-13T10:28:35Z&spr=https,http&sig=Nh8ZxCMQSl8zg2AmJEallKUaZygzeBuTzJlFjVcNdYs%3D",ZF_2.10_ETG_AM,Schrack for Students,pdf,544 KB,Valid
treeitem-23ffc82a-label,Schrack4Students > AT > Bücher > Elektrotechnik Grundlagen mit angewandter Mathematik 2023 > 2. Allgemeine Elektrotechnik,YouTube,https://www.youtube.com/embed/EMmDXaZwx0M?wmode=transparent&hl=de&rel=0,YouTube Video (EMmDXaZwx0M),,video,,Valid
treeitem-23ffc82a-label,Schrack4Students > AT > Bücher > Elektrotechnik Grundlagen mit angewandter Mathematik 2023 > 2. Allgemeine Elektrotechnik,YouTube,https://www.youtube.com/embed/PiyzcS8lYLw?wmode=transparent&hl=de&rel=0,YouTube Video (PiyzcS8lYLw),,video,,Valid
treeitem-23ffc82a-label,Schrack4Students > AT > Bücher > Elektrotechnik Grundlagen mit angewandter Mathematik 2023 > 2. Allgemeine Elektrotechnik,YouTube,https://www.youtube.com/embed/6K9EwoEuMrc?wmode=transparent&hl=de&rel=0,YouTube Video (6K9EwoEuMrc),,video,,Valid
treeitem-23ffc82a-label,Schrack4Students > AT > Bücher > Elektrotechnik Grundlagen mit angewandter Mathematik 2023 > 2. Allgemeine Elektrotechnik,ExternalLink,"https://sfsrgproddiagnostics.file.core.windows.net/assets-production/dynamic_assets/ZF_2.11_2.12_2.13_ETG_AM.pdf?sv=2019-02-02&ss=f&srt=o&sp=r&se=2050-12-13T18:28:35Z&st=2019-12-13T10:28:35Z&spr=https,http&sig=Nh8ZxCMQSl8zg2AmJEallKUaZygzeBuTzJlFjVcNdYs%3D",ZF_2.11_2.12_2.13_ETG_AM,Schrack for Students,pdf,"1,16 MB",Valid
treeitem-0c3ad772-label,Schrack4Students > AT > Bücher > Elektrotechnik Grundlagen mit angewandter Mathematik 2023 > 2. Allgemeine Elektrotechnik,YouTube,https://www.youtube.com/embed/EMmDXaZwx0M?wmode=transparent&hl=de&rel=0,YouTube Video (EMmDXaZwx0M),,video,,Valid
treeitem-0c3ad772-label,Schrack4Students > AT > Bücher > Elektrotechnik Grundlagen mit angewandter Mathematik 2023 > 2. Allgemeine Elektrotechnik,YouTube,https://www.youtube.com/embed/PiyzcS8lYLw?wmode=transparent&hl=de&rel=0,YouTube Video (PiyzcS8lYLw),,video,,Valid
treeitem-0c3ad772-label,Schrack4Students > AT > Bücher > Elektrotechnik Grundlagen mit angewandter Mathematik 2023 > 2. Allgemeine Elektrotechnik,YouTube,https://www.youtube.com/embed/6K9EwoEuMrc?wmode=transparent&hl=de&rel=0,YouTube Video (6K9EwoEuMrc),,video,,Valid
treeitem-0c3ad772-label,Schrack4Students > AT > Bücher > Elektrotechnik Grundlagen mit angewandter Mathematik 2023 > 2. Allgemeine Elektrotechnik,YouTube,https://www.youtube.com/embed/ccwUMZxTvLg?wmode=transparent&hl=de&rel=0,YouTube Video (ccwUMZxTvLg),,video,,Valid
treeitem-0c3ad772-label,Schrack4Students > AT > Bücher > Elektrotechnik Grundlagen mit angewandter Mathematik 2023 > 2. Allgemeine Elektrotechnik,ExternalLink,"https://sfsrgproddiagnostics.file.core.windows.net/assets-production/dynamic_assets/ZF_2.11_2.12_2.13_ETG_AM.pdf?sv=2019-02-02&ss=f&srt=o&sp=r&se=2050-12-13T18:28:35Z&st=2019-12-13T10:28:35Z&spr=https,http&sig=Nh8ZxCMQSl8zg2AmJEallKUaZygzeBuTzJlFjVcNdYs%3D",ZF_2.11_2.12_2.13_ETG_AM,Schrack for Students,pdf,"1,16 MB",Valid
treeitem-2540387c-label,Schrack4Students > AT > Bücher > Elektrotechnik Grundlagen mit angewandter Mathematik 2023 > 2. Allgemeine Elektrotechnik,YouTube,https://www.youtube.com/embed/-cSZQY1G6l4?wmode=transparent&hl=de&rel=0,YouTube Video (-cSZQY1G6l4),,video,,Valid
treeitem-2540387c-label,Schrack4Students > AT > Bücher > Elektrotechnik Grundlagen mit angewandter Mathematik 2023 > 2. Allgemeine Elektrotechnik,YouTube,https://www.youtube.com/embed/tCLut3V0sUM?wmode=transparent&hl=de&rel=0,YouTube Video (tCLut3V0sUM),,video,,Valid
treeitem-2540387c-label,Schrack4Students > AT > Bücher > Elektrotechnik Grundlagen mit angewandter Mathematik 2023 > 2. Allgemeine Elektrotechnik,YouTube,https://www.youtube.com/embed/UoqU3RjKCh8?wmode=transparent&hl=de&rel=0,YouTube Video (UoqU3RjKCh8),,video,,Valid
treeitem-2540387c-label,Schrack4Students > AT > Bücher > Elektrotechnik Grundlagen mit angewandter Mathematik 2023 > 2. Allgemeine Elektrotechnik,YouTube,https://www.youtube.com/embed/nrDLJsOyTlU?wmode=transparent&hl=de&rel=0,YouTube Video (nrDLJsOyTlU),,video,,Valid
treeitem-2540387c-label,Schrack4Students > AT > Bücher > Elektrotechnik Grundlagen mit angewandter Mathematik 2023 > 2. Allgemeine Elektrotechnik,ExternalLink,"https://sfsrgproddiagnostics.file.core.windows.net/assets-production/dynamic_assets/ZF_2.11_2.12_2.13_ETG_AM.pdf?sv=2019-02-02&ss=f&srt=o&sp=r&se=2050-12-13T18:28:35Z&st=2019-12-13T10:28:35Z&spr=https,http&sig=Nh8ZxCMQSl8zg2AmJEallKUaZygzeBuTzJlFjVcNdYs%3D",ZF_2.11_2.12_2.13_ETG_AM,Schrack for Students,pdf,"1,16 MB",Valid
treeitem-74999a76-label,Schrack4Students > AT > Bücher > Elektrotechnik Grundlagen mit angewandter Mathematik 2023 > 2. Allgemeine Elektrotechnik,YouTube,https://www.youtube.com/embed/ILp7YgxnxVU?wmode=transparent&hl=de&rel=0,YouTube Video (ILp7YgxnxVU),,video,,Valid
treeitem-74999a76-label,Schrack4Students > AT > Bücher > Elektrotechnik Grundlagen mit angewandter Mathematik 2023 > 2. Allgemeine Elektrotechnik,ExternalLink,"https://sfsrgproddiagnostics.file.core.windows.net/assets-production/dynamic_assets/ZF_2.14_ETG_AM.pdf?sv=2019-02-02&ss=f&srt=o&sp=r&se=2050-12-13T18:28:35Z&st=2019-12-13T10:28:35Z&spr=https,http&sig=Nh8ZxCMQSl8zg2AmJEallKUaZygzeBuTzJlFjVcNdYs%3D",ZF_2.14_ETG_AM,Schrack for Students,pdf,717 KB,Valid
treeitem-17ac57ec-label,Schrack4Students > AT > Bücher > Elektrotechnik Grundlagen mit angewandter Mathematik 2023 > 2. Allgemeine Elektrotechnik,ExternalLink,"https://sfsrgproddiagnostics.file.core.windows.net/assets-production/dynamic_assets/ZF_2.15_ETG_AM.pdf?sv=2019-02-02&ss=f&srt=o&sp=r&se=2050-12-13T18:28:35Z&st=2019-12-13T10:28:35Z&spr=https,http&sig=Nh8ZxCMQSl8zg2AmJEallKUaZygzeBuTzJlFjVcNdYs%3D",ZF_2.15_ETG_AM,Schrack for Students,pdf,518 KB,Valid
treeitem-da779adc-label,Schrack4Students > AT > Bücher > Elektrotechnik Grundlagen mit angewandter Mathematik 2023 > 2. Allgemeine Elektrotechnik,YouTube,https://www.youtube.com/embed/84HL979b-jA?wmode=transparent&hl=de&rel=0,YouTube Video (84HL979b-jA),,video,,Valid
treeitem-da779adc-label,Schrack4Students > AT > Bücher > Elektrotechnik Grundlagen mit angewandter Mathematik 2023 > 2. Allgemeine Elektrotechnik,ExternalLink,"https://sfsrgproddiagnostics.file.core.windows.net/assets-production/dynamic_assets/ZF_2.16_ETG_AM.pdf?sv=2019-02-02&ss=f&srt=o&sp=r&se=2050-12-13T18:28:35Z&st=2019-12-13T10:28:35Z&spr=https,http&sig=Nh8ZxCMQSl8zg2AmJEallKUaZygzeBuTzJlFjVcNdYs%3D",ZF_2.16_ETG_AM,Schrack for Students,pdf,793 KB,Valid
treeitem-1c0f8534-label,Schrack4Students > AT > Bücher > Elektrotechnik Grundlagen mit angewandter Mathematik 2023 > 2. Allgemeine Elektrotechnik,ExternalLink,"https://sfsrgproddiagnostics.file.core.windows.net/assets-production/dynamic_assets/ZF_2.17_ETG_AM.pdf?sv=2019-02-02&ss=f&srt=o&sp=r&se=2050-12-13T18:28:35Z&st=2019-12-13T10:28:35Z&spr=https,http&sig=Nh8ZxCMQSl8zg2AmJEallKUaZygzeBuTzJlFjVcNdYs%3D",ZF_2.17_ETG_AM,Schrack for Students,pdf,496 KB,Valid
treeitem-728e29d1-label,Schrack4Students > AT > Bücher > Elektrotechnik Grundlagen mit angewandter Mathematik 2023 > 3. Arbeit und Leistung,ExternalLink,"https://sfsrgproddiagnostics.file.core.windows.net/assets-production/dynamic_assets/ZF_3.1_ETG_AM.pdf?sv=2019-02-02&ss=f&srt=o&sp=r&se=2050-12-13T18:28:35Z&st=2019-12-13T10:28:35Z&spr=https,http&sig=Nh8ZxCMQSl8zg2AmJEallKUaZygzeBuTzJlFjVcNdYs%3D",ZF_3.1_ETG_AM,Schrack for Students,pdf,315 KB,Valid
treeitem-4c55a3f9-label,Schrack4Students > AT > Bücher > Elektrotechnik Grundlagen mit angewandter Mathematik 2023 > 3. Arbeit und Leistung,YouTube,https://www.youtube.com/embed/UheIEjVM53o?wmode=transparent&hl=de&rel=0,YouTube Video (UheIEjVM53o),,video,,Valid
treeitem-4c55a3f9-label,Schrack4Students > AT > Bücher > Elektrotechnik Grundlagen mit angewandter Mathematik 2023 > 3. Arbeit und Leistung,ExternalLink,"https://sfsrgproddiagnostics.file.core.windows.net/assets-production/dynamic_assets/ZF_3.2_ETG_AM.pdf?sv=2019-02-02&ss=f&srt=o&sp=r&se=2050-12-13T18:28:35Z&st=2019-12-13T10:28:35Z&spr=https,http&sig=Nh8ZxCMQSl8zg2AmJEallKUaZygzeBuTzJlFjVcNdYs%3D",ZF_3.2_ETG_AM,Schrack for Students,pdf,329 KB,Valid
treeitem-c455c0e8-label,Schrack4Students > AT > Bücher > Elektrotechnik Grundlagen mit angewandter Mathematik 2023 > 3. Arbeit und Leistung,YouTube,https://www.youtube.com/embed/ujoeYwkVNqk?wmode=transparent&hl=de&rel=0,YouTube Video (ujoeYwkVNqk),,video,,Valid
treeitem-c455c0e8-label,Schrack4Students > AT > Bücher > Elektrotechnik Grundlagen mit angewandter Mathematik 2023 > 3. Arbeit und Leistung,ExternalLink,"https://sfsrgproddiagnostics.file.core.windows.net/assets-production/dynamic_assets/ZF_3.3_ETG_AM.pdf?sv=2019-02-02&ss=f&srt=o&sp=r&se=2050-12-13T18:28:35Z&st=2019-12-13T10:28:35Z&spr=https,http&sig=Nh8ZxCMQSl8zg2AmJEallKUaZygzeBuTzJlFjVcNdYs%3D",ZF_3.3_ETG_AM,Schrack for Students,pdf,265 KB,Valid
treeitem-130d4bad-label,Schrack4Students > AT > Bücher > Elektrotechnik Grundlagen mit angewandter Mathematik 2023 > 3. Arbeit und Leistung,YouTube,https://www.youtube.com/embed/MIneT13sV0M?wmode=transparent&hl=de&rel=0,YouTube Video (MIneT13sV0M),,video,,Valid
treeitem-130d4bad-label,Schrack4Students > AT > Bücher > Elektrotechnik Grundlagen mit angewandter Mathematik 2023 > 3. Arbeit und Leistung,YouTube,https://www.youtube.com/embed/XU4-yXUZ6cA?wmode=transparent&hl=de&rel=0,YouTube Video (XU4-yXUZ6cA),,video,,Valid
treeitem-130d4bad-label,Schrack4Students > AT > Bücher > Elektrotechnik Grundlagen mit angewandter Mathematik 2023 > 3. Arbeit und Leistung,YouTube,https://www.youtube.com/embed/Oc8cU3L4I-I?wmode=transparent&hl=de&rel=0,YouTube Video (Oc8cU3L4I-I),,video,,Valid
treeitem-130d4bad-label,Schrack4Students > AT > Bücher > Elektrotechnik Grundlagen mit angewandter Mathematik 2023 > 3. Arbeit und Leistung,ExternalLink,"https://sfsrgproddiagnostics.file.core.windows.net/assets-production/dynamic_assets/ZF_3.4_ETG_AM.pdf?sv=2019-02-02&ss=f&srt=o&sp=r&se=2050-12-13T18:28:35Z&st=2019-12-13T10:28:35Z&spr=https,http&sig=Nh8ZxCMQSl8zg2AmJEallKUaZygzeBuTzJlFjVcNdYs%3D",ZF_3.4_ETG_AM,Schrack for Students,pdf,260 KB,Valid
treeitem-18306c42-label,Schrack4Students > AT > Bücher > Elektrotechnik Grundlagen mit angewandter Mathematik 2023 > 3. Arbeit und Leistung,ExternalLink,"https://sfsrgproddiagnostics.file.core.windows.net/assets-production/dynamic_assets/ZF_3.5_ETG_AM.pdf?sv=2019-02-02&ss=f&srt=o&sp=r&se=2050-12-13T18:28:35Z&st=2019-12-13T10:28:35Z&spr=https,http&sig=Nh8ZxCMQSl8zg2AmJEallKUaZygzeBuTzJlFjVcNdYs%3D",ZF_3.5_ETG_AM,Schrack for Students,pdf,326 KB,Valid
treeitem-61d1d02f-label,Schrack4Students > AT > Bücher > Elektrotechnik Grundlagen mit angewandter Mathematik 2023 > 3. Arbeit und Leistung,ExternalLink,"https://sfsrgproddiagnostics.file.core.windows.net/assets-production/dynamic_assets/ZF_3.6_ETG_AM.pdf?sv=2019-02-02&ss=f&srt=o&sp=r&se=2050-12-13T18:28:35Z&st=2019-12-13T10:28:35Z&spr=https,http&sig=Nh8ZxCMQSl8zg2AmJEallKUaZygzeBuTzJlFjVcNdYs%3D",ZF_3.6_ETG_AM,Schrack for Students,pdf,345 KB,Valid
treeitem-6088d131-label,Schrack4Students > AT > Bücher > Elektrotechnik Grundlagen mit angewandter Mathematik 2023 > 3. Arbeit und Leistung,ExternalLink,"https://sfsrgproddiagnostics.file.core.windows.net/assets-production/dynamic_assets/ZF_3.7_ETG_AM.pdf?sv=2019-02-02&ss=f&srt=o&sp=r&se=2050-12-13T18:28:35Z&st=2019-12-13T10:28:35Z&spr=https,http&sig=Nh8ZxCMQSl8zg2AmJEallKUaZygzeBuTzJlFjVcNdYs%3D",ZF_3.7_ETG_AM,Schrack for Students,pdf,416 KB,Valid
treeitem-0dd85b0a-label,Schrack4Students > AT > Bücher > Elektrotechnik Grundlagen mit angewandter Mathematik 2023 > 3. Arbeit und Leistung,YouTube,https://www.youtube.com/embed/21XYfVdQITI?wmode=transparent&hl=de&rel=0,YouTube Video (21XYfVdQITI),,video,,Valid
treeitem-0dd85b0a-label,Schrack4Students > AT > Bücher > Elektrotechnik Grundlagen mit angewandter Mathematik 2023 > 3. Arbeit und Leistung,ExternalLink,"https://sfsrgproddiagnostics.file.core.windows.net/assets-production/dynamic_assets/ZF_3.8_ETG_AM.pdf?sv=2019-02-02&ss=f&srt=o&sp=r&se=2050-12-13T18:28:35Z&st=2019-12-13T10:28:35Z&spr=https,http&sig=Nh8ZxCMQSl8zg2AmJEallKUaZygzeBuTzJlFjVcNdYs%3D",ZF_3.8_ETG_AM,Schrack for Students,pdf,301 KB,Valid
treeitem-6deac5b5-label,Schrack4Students > AT > Bücher > Elektrotechnik Grundlagen mit angewandter Mathematik 2023 > 3. Arbeit und Leistung,ExternalLink,"https://sfsrgproddiagnostics.file.core.windows.net/assets-production/dynamic_assets/ZF_3.9_ETG_AM.pdf?sv=2019-02-02&ss=f&srt=o&sp=r&se=2050-12-13T18:28:35Z&st=2019-12-13T10:28:35Z&spr=https,http&sig=Nh8ZxCMQSl8zg2AmJEallKUaZygzeBuTzJlFjVcNdYs%3D",ZF_3.9_ETG_AM,Schrack for Students,pdf,573 KB,Valid
treeitem-689738bc-label,Schrack4Students > AT > Bücher > Elektrotechnik Grundlagen mit angewandter Mathematik 2023 > 4. Magnetismus,YouTube,https://www.youtube.com/embed/eHPZ40XWonk?wmode=transparent&hl=de&rel=0,YouTube Video (eHPZ40XWonk),,video,,Valid
treeitem-689738bc-label,Schrack4Students > AT > Bücher > Elektrotechnik Grundlagen mit angewandter Mathematik 2023 > 4. Magnetismus,ExternalLink,http://2014.kes.info/archiv/heft/abonnent/03-3/ETech-Grundlagen-KHOtto.pdf,"Grundlagenskript zum Seminar:
Schirmung, Erdung, Potenzialausgleich, EMV in Gebäuden",SV-Otto,pdf,"3,30 MB",Valid
treeitem-689738bc-label,Schrack4Students > AT > Bücher > Elektrotechnik Grundlagen mit angewandter Mathematik 2023 > 4. Magnetismus,ExternalLink,"https://sfsrgproddiagnostics.file.core.windows.net/assets-production/dynamic_assets/ZF_4.1_ETG_AM.pdf?sv=2019-02-02&ss=f&srt=o&sp=r&se=2050-12-13T18:28:35Z&st=2019-12-13T10:28:35Z&spr=https,http&sig=Nh8ZxCMQSl8zg2AmJEallKUaZygzeBuTzJlFjVcNdYs%3D",ZF_4.1_ETG_AM,Schrack for Students,pdf,385 KB,Valid
treeitem-8d50afec-label,Schrack4Students > AT > Bücher > Elektrotechnik Grundlagen mit angewandter Mathematik 2023 > 4. Magnetismus,YouTube,https://www.youtube.com/embed/7kEtCQthHR8?wmode=transparent&hl=de&rel=0,YouTube Video (7kEtCQthHR8),,video,,Valid
treeitem-8d50afec-label,Schrack4Students > AT > Bücher > Elektrotechnik Grundlagen mit angewandter Mathematik 2023 > 4. Magnetismus,ExternalLink,"https://sfsrgproddiagnostics.file.core.windows.net/assets-production/dynamic_assets/ZF_4.2_ETG_AM.pdf?sv=2019-02-02&ss=f&srt=o&sp=r&se=2050-12-13T18:28:35Z&st=2019-12-13T10:28:35Z&spr=https,http&sig=Nh8ZxCMQSl8zg2AmJEallKUaZygzeBuTzJlFjVcNdYs%3D",ZF_4.2_ETG_AM,Schrack for Students,pdf,352 KB,Valid
treeitem-6e81b0b1-label,Schrack4Students > AT > Bücher > Elektrotechnik Grundlagen mit angewandter Mathematik 2023 > 4. Magnetismus,ExternalLink,"https://sfsrgproddiagnostics.file.core.windows.net/assets-production/dynamic_assets/ZF_4.3_ETG_AM.pdf?sv=2019-02-02&ss=f&srt=o&sp=r&se=2050-12-13T18:28:35Z&st=2019-12-13T10:28:35Z&spr=https,http&sig=Nh8ZxCMQSl8zg2AmJEallKUaZygzeBuTzJlFjVcNdYs%3D",ZF_4.3_ETG_AM,Schrack for Students,pdf,549 KB,Valid
treeitem-6eecfb8e-label,Schrack4Students > AT > Bücher > Elektrotechnik Grundlagen mit angewandter Mathematik 2023 > 4. Magnetismus,YouTube,https://www.youtube.com/embed/5zS0C9lEfFs?wmode=transparent&hl=de&rel=0,YouTube Video (5zS0C9lEfFs),,video,,Valid
treeitem-6eecfb8e-label,Schrack4Students > AT > Bücher > Elektrotechnik Grundlagen mit angewandter Mathematik 2023 > 4. Magnetismus,YouTube,https://www.youtube.com/embed/0w9FgDwPgsQ?wmode=transparent&hl=de&rel=0,YouTube Video (0w9FgDwPgsQ),,video,,Valid
treeitem-6eecfb8e-label,Schrack4Students > AT > Bücher > Elektrotechnik Grundlagen mit angewandter Mathematik 2023 > 4. Magnetismus,ExternalLink,"https://sfsrgproddiagnostics.file.core.windows.net/assets-production/dynamic_assets/ZF_4.4_ETG_AM.pdf?sv=2019-02-02&ss=f&srt=o&sp=r&se=2050-12-13T18:28:35Z&st=2019-12-13T10:28:35Z&spr=https,http&sig=Nh8ZxCMQSl8zg2AmJEallKUaZygzeBuTzJlFjVcNdYs%3D",ZF_4.4_ETG_AM,Schrack for Students,pdf,601 KB,Valid
treeitem-98f39262-label,Schrack4Students > AT > Bücher > Elektrotechnik Grundlagen mit angewandter Mathematik 2023 > 4. Magnetismus,YouTube,https://www.youtube.com/embed/7kEtCQthHR8?wmode=transparent&hl=de&rel=0,YouTube Video (7kEtCQthHR8),,video,,Valid
treeitem-98f39262-label,Schrack4Students > AT > Bücher > Elektrotechnik Grundlagen mit angewandter Mathematik 2023 > 4. Magnetismus,ExternalLink,"https://sfsrgproddiagnostics.file.core.windows.net/assets-production/dynamic_assets/ZF_4.5_ETG_AM.pdf?sv=2019-02-02&ss=f&srt=o&sp=r&se=2050-12-13T18:28:35Z&st=2019-12-13T10:28:35Z&spr=https,http&sig=Nh8ZxCMQSl8zg2AmJEallKUaZygzeBuTzJlFjVcNdYs%3D",ZF_4.5_ETG_AM,Schrack for Students,pdf,601 KB,Valid
treeitem-3e89c6e0-label,Schrack4Students > AT > Bücher > Elektrotechnik Grundlagen mit angewandter Mathematik 2023 > 4. Magnetismus,ExternalLink,"https://sfsrgproddiagnostics.file.core.windows.net/assets-production/dynamic_assets/ZF_4.6_ETG_AM.pdf?sv=2019-02-02&ss=f&srt=o&sp=r&se=2050-12-13T18:28:35Z&st=2019-12-13T10:28:35Z&spr=https,http&sig=Nh8ZxCMQSl8zg2AmJEallKUaZygzeBuTzJlFjVcNdYs%3D",ZF_4.6_ETG_AM,Schrack for Students,pdf,549 KB,Valid
treeitem-dcca0300-label,Schrack4Students > AT > Bücher > Elektrotechnik Grundlagen mit angewandter Mathematik 2023 > 4. Magnetismus,YouTube,https://www.youtube.com/embed/X8MP1KlyVpQ?wmode=transparent&hl=de&rel=0,YouTube Video (X8MP1KlyVpQ),,video,,Valid
treeitem-dcca0300-label,Schrack4Students > AT > Bücher > Elektrotechnik Grundlagen mit angewandter Mathematik 2023 > 4. Magnetismus,ExternalLink,"https://sfsrgproddiagnostics.file.core.windows.net/assets-production/dynamic_assets/ZF_4.7_ETG_AM.pdf?sv=2019-02-02&ss=f&srt=o&sp=r&se=2050-12-13T18:28:35Z&st=2019-12-13T10:28:35Z&spr=https,http&sig=Nh8ZxCMQSl8zg2AmJEallKUaZygzeBuTzJlFjVcNdYs%3D",ZF_4.7_ETG_AM,Schrack for Students,pdf,735 KB,Valid
treeitem-547f2b8c-label,Schrack4Students > AT > Bücher > Elektrotechnik Grundlagen mit angewandter Mathematik 2023 > 5. Wirkungen der elektrischen Ladung,YouTube,https://www.youtube.com/embed/JnYrmCaQfcM?wmode=transparent&hl=de&rel=0,YouTube Video (JnYrmCaQfcM),,video,,Valid
treeitem-547f2b8c-label,Schrack4Students > AT > Bücher > Elektrotechnik Grundlagen mit angewandter Mathematik 2023 > 5. Wirkungen der elektrischen Ladung,ExternalLink,"https://sfsrgproddiagnostics.file.core.windows.net/assets-production/dynamic_assets/ZF_5.1_5.2_ETG_AM.pdf?sv=2019-02-02&ss=f&srt=o&sp=r&se=2050-12-13T18:28:35Z&st=2019-12-13T10:28:35Z&spr=https,http&sig=Nh8ZxCMQSl8zg2AmJEallKUaZygzeBuTzJlFjVcNdYs%3D",ZF_5.1_5.2_ETG_AM,Schrack fo Students,pdf,688 KB,Valid
treeitem-88398446-label,Schrack4Students > AT > Bücher > Elektrotechnik Grundlagen mit angewandter Mathematik 2023 > 5. Wirkungen der elektrischen Ladung,YouTube,https://www.youtube.com/embed/Fmscd9X9WFo?wmode=transparent&hl=de&rel=0,YouTube Video (Fmscd9X9WFo),,video,,Valid
treeitem-88398446-label,Schrack4Students > AT > Bücher > Elektrotechnik Grundlagen mit angewandter Mathematik 2023 > 5. Wirkungen der elektrischen Ladung,ExternalLink,"https://sfsrgproddiagnostics.file.core.windows.net/assets-production/dynamic_assets/ZF_5.1_5.2_ETG_AM.pdf?sv=2019-02-02&ss=f&srt=o&sp=r&se=2050-12-13T18:28:35Z&st=2019-12-13T10:28:35Z&spr=https,http&sig=Nh8ZxCMQSl8zg2AmJEallKUaZygzeBuTzJlFjVcNdYs%3D",ZF_5.1_5.2_ETG_AM,Schrack for Students,pdf,688 KB,Valid
treeitem-5cb8fc79-label,Schrack4Students > AT > Bücher > Elektrotechnik Grundlagen mit angewandter Mathematik 2023 > 5. Wirkungen der elektrischen Ladung,YouTube,https://www.youtube.com/embed/dSaMQBcy_7Q?wmode=transparent&hl=de&rel=0,YouTube Video (dSaMQBcy_7Q),,video,,Valid
treeitem-5cb8fc79-label,Schrack4Students > AT > Bücher > Elektrotechnik Grundlagen mit angewandter Mathematik 2023 > 5. Wirkungen der elektrischen Ladung,YouTube,https://www.youtube.com/embed/paZ9TEH8j08?wmode=transparent&hl=de&rel=0,YouTube Video (paZ9TEH8j08),,video,,Valid
treeitem-5cb8fc79-label,Schrack4Students > AT > Bücher > Elektrotechnik Grundlagen mit angewandter Mathematik 2023 > 5. Wirkungen der elektrischen Ladung,YouTube,https://www.youtube.com/embed/8LFTmwpoYP4?wmode=transparent&hl=de&rel=0,YouTube Video (8LFTmwpoYP4),,video,,Valid
treeitem-5cb8fc79-label,Schrack4Students > AT > Bücher > Elektrotechnik Grundlagen mit angewandter Mathematik 2023 > 5. Wirkungen der elektrischen Ladung,ExternalLink,"https://sfsrgproddiagnostics.file.core.windows.net/assets-production/dynamic_assets/ZF_5.3_ETG_AM.pdf?sv=2019-02-02&ss=f&srt=o&sp=r&se=2050-12-13T18:28:35Z&st=2019-12-13T10:28:35Z&spr=https,http&sig=Nh8ZxCMQSl8zg2AmJEallKUaZygzeBuTzJlFjVcNdYs%3D",ZF_5.3_ETG_AM,Schrack for Students,pdf,826 KB,Valid
treeitem-c00c4058-label,Schrack4Students > AT > Bücher > Elektrotechnik Grundlagen mit angewandter Mathematik 2023 > 5. Wirkungen der elektrischen Ladung,YouTube,https://www.youtube.com/embed/XhtVX7EjUzQ?wmode=transparent&hl=de&rel=0,YouTube Video (XhtVX7EjUzQ),,video,,Valid
treeitem-c00c4058-label,Schrack4Students > AT > Bücher > Elektrotechnik Grundlagen mit angewandter Mathematik 2023 > 5. Wirkungen der elektrischen Ladung,YouTube,https://www.youtube.com/embed/EN6dTZH-HDs?wmode=transparent&hl=de&rel=0,YouTube Video (EN6dTZH-HDs),,video,,Valid
treeitem-c00c4058-label,Schrack4Students > AT > Bücher > Elektrotechnik Grundlagen mit angewandter Mathematik 2023 > 5. Wirkungen der elektrischen Ladung,YouTube,https://www.youtube.com/embed/WhcR551q4go?wmode=transparent&hl=de&rel=0,YouTube Video (WhcR551q4go),,video,,Valid
treeitem-c00c4058-label,Schrack4Students > AT > Bücher > Elektrotechnik Grundlagen mit angewandter Mathematik 2023 > 5. Wirkungen der elektrischen Ladung,ExternalLink,"https://sfsrgproddiagnostics.file.core.windows.net/assets-production/dynamic_assets/ZF_5.4_ETG_AM.pdf?sv=2019-02-02&ss=f&srt=o&sp=r&se=2050-12-13T18:28:35Z&st=2019-12-13T10:28:35Z&spr=https,http&sig=Nh8ZxCMQSl8zg2AmJEallKUaZygzeBuTzJlFjVcNdYs%3D",ZF_5.4_ETG_AM,Schrack for Students,pdf,438 KB,Valid
treeitem-1398cf00-label,Schrack4Students > AT > Bücher > Elektrotechnik Grundlagen mit angewandter Mathematik 2023 > 5. Wirkungen der elektrischen Ladung,YouTube,https://www.youtube.com/embed/NkCzZ1WH_Y0?wmode=transparent&hl=de&rel=0,YouTube Video (NkCzZ1WH_Y0),,video,,Valid
treeitem-1398cf00-label,Schrack4Students > AT > Bücher > Elektrotechnik Grundlagen mit angewandter Mathematik 2023 > 5. Wirkungen der elektrischen Ladung,YouTube,https://www.youtube.com/embed/qIMWjlsBrow?wmode=transparent&hl=de&rel=0,YouTube Video (qIMWjlsBrow),,video,,Valid
treeitem-1398cf00-label,Schrack4Students > AT > Bücher > Elektrotechnik Grundlagen mit angewandter Mathematik 2023 > 5. Wirkungen der elektrischen Ladung,YouTube,https://www.youtube.com/embed/hvEq0aTP-LQ?wmode=transparent&hl=de&rel=0,YouTube Video (hvEq0aTP-LQ),,video,,Valid
treeitem-1398cf00-label,Schrack4Students > AT > Bücher > Elektrotechnik Grundlagen mit angewandter Mathematik 2023 > 5. Wirkungen der elektrischen Ladung,ExternalLink,https://homepages.thm.de/~hg6458/nga-Dateien/KondensatorVerschaltung.pdf,Verschaltung von Kondensatoren,Prof. Dr. K. Wüst,pdf,136 KB,Valid
treeitem-1398cf00-label,Schrack4Students > AT > Bücher > Elektrotechnik Grundlagen mit angewandter Mathematik 2023 > 5. Wirkungen der elektrischen Ladung,ExternalLink,"https://sfsrgproddiagnostics.file.core.windows.net/assets-production/dynamic_assets/ZF_5.5_ETG_AM.pdf?sv=2019-02-02&ss=f&srt=o&sp=r&se=2050-12-13T18:28:35Z&st=2019-12-13T10:28:35Z&spr=https,http&sig=Nh8ZxCMQSl8zg2AmJEallKUaZygzeBuTzJlFjVcNdYs%3D",ZF_5.5_ETG_AM,Schrack for Students,pdf,697 KB,Valid
treeitem-caea3e2c-label,Schrack4Students > AT > Bücher > Elektrotechnik Grundlagen mit angewandter Mathematik 2023 > 5. Wirkungen der elektrischen Ladung,YouTube,https://www.youtube.com/embed/8-4zuRn7kMU?wmode=transparent&hl=de&rel=0,YouTube Video (8-4zuRn7kMU),,video,,Valid
treeitem-caea3e2c-label,Schrack4Students > AT > Bücher > Elektrotechnik Grundlagen mit angewandter Mathematik 2023 > 5. Wirkungen der elektrischen Ladung,ExternalLink,"https://sfsrgproddiagnostics.file.core.windows.net/assets-production/dynamic_assets/ZF_5.6_ETG_AM.pdf?sv=2019-02-02&ss=f&srt=o&sp=r&se=2050-12-13T18:28:35Z&st=2019-12-13T10:28:35Z&spr=https,http&sig=Nh8ZxCMQSl8zg2AmJEallKUaZygzeBuTzJlFjVcNdYs%3D",ZF_5.6_ETG_AM,Schrack for Students,pdf,417 KB,Valid
treeitem-faa30058-label,Schrack4Students > AT > Bücher > Elektrotechnik Grundlagen mit angewandter Mathematik 2023 > 5. Wirkungen der elektrischen Ladung,ExternalLink,"https://sfsrgproddiagnostics.file.core.windows.net/assets-production/dynamic_assets/ZF_5.7_ETG_AM.pdf?sv=2019-02-02&ss=f&srt=o&sp=r&se=2050-12-13T18:28:35Z&st=2019-12-13T10:28:35Z&spr=https,http&sig=Nh8ZxCMQSl8zg2AmJEallKUaZygzeBuTzJlFjVcNdYs%3D",ZF_5.7_ETG_AM,Schrack for Students,pdf,656 KB,Valid
treeitem-affc8256-label,Schrack4Students > AT > Bücher > Elektrotechnik Grundlagen mit angewandter Mathematik 2023 > 6. Wechselstromtechnik,ExternalLink,"https://sfsrgproddiagnostics.file.core.windows.net/assets-production/dynamic_assets/ZF_6.1_ETG_AM.pdf?sv=2019-02-02&ss=f&srt=o&sp=r&se=2050-12-13T18:28:35Z&st=2019-12-13T10:28:35Z&spr=https,http&sig=Nh8ZxCMQSl8zg2AmJEallKUaZygzeBuTzJlFjVcNdYs%3D",ZF_6.1_ETG_AM,Schrack for Students,pdf,392 KB,Valid
treeitem-31ee5940-label,Schrack4Students > AT > Bücher > Elektrotechnik Grundlagen mit angewandter Mathematik 2023 > 6. Wechselstromtechnik,YouTube,https://www.youtube.com/embed/AWZW1OwpT-w?wmode=transparent&hl=de&rel=0,YouTube Video (AWZW1OwpT-w),,video,,Valid
treeitem-31ee5940-label,Schrack4Students > AT > Bücher > Elektrotechnik Grundlagen mit angewandter Mathematik 2023 > 6. Wechselstromtechnik,ExternalLink,"https://sfsrgproddiagnostics.file.core.windows.net/assets-production/dynamic_assets/ZF_6.2_ETG_AM.pdf?sv=2019-02-02&ss=f&srt=o&sp=r&se=2050-12-13T18:28:35Z&st=2019-12-13T10:28:35Z&spr=https,http&sig=Nh8ZxCMQSl8zg2AmJEallKUaZygzeBuTzJlFjVcNdYs%3D",ZF_6.2_ETG_AM,Schrack for Students,pdf,566 KB,Valid
treeitem-30467398-label,Schrack4Students > AT > Bücher > Elektrotechnik Grundlagen mit angewandter Mathematik 2023 > 6. Wechselstromtechnik,YouTube,https://www.youtube.com/embed/CMljyEumcKw?wmode=transparent&hl=de&rel=0,YouTube Video (CMljyEumcKw),,video,,Valid
treeitem-30467398-label,Schrack4Students > AT > Bücher > Elektrotechnik Grundlagen mit angewandter Mathematik 2023 > 6. Wechselstromtechnik,YouTube,https://www.youtube.com/embed/8N-VBV8GmOU?wmode=transparent&hl=de&rel=0,YouTube Video (8N-VBV8GmOU),,video,,Valid
treeitem-30467398-label,Schrack4Students > AT > Bücher > Elektrotechnik Grundlagen mit angewandter Mathematik 2023 > 6. Wechselstromtechnik,ExternalLink,"https://sfsrgproddiagnostics.file.core.windows.net/assets-production/dynamic_assets/ZF_6.3_ETG_AM.pdf?sv=2019-02-02&ss=f&srt=o&sp=r&se=2050-12-13T18:28:35Z&st=2019-12-13T10:28:35Z&spr=https,http&sig=Nh8ZxCMQSl8zg2AmJEallKUaZygzeBuTzJlFjVcNdYs%3D",ZF_6.3_ETG_AM,Schrack for Students,pdf,569 KB,Valid
treeitem-0225e8f8-label,Schrack4Students > AT > Bücher > Elektrotechnik Grundlagen mit angewandter Mathematik 2023 > 6. Wechselstromtechnik,YouTube,https://www.youtube.com/embed/My9Y8uLswFI?wmode=transparent&hl=de&rel=0,YouTube Video (My9Y8uLswFI),,video,,Valid
treeitem-0225e8f8-label,Schrack4Students > AT > Bücher > Elektrotechnik Grundlagen mit angewandter Mathematik 2023 > 6. Wechselstromtechnik,ExternalLink,"https://sfsrgproddiagnostics.file.core.windows.net/assets-production/dynamic_assets/ZF_6.4_ETG_AM.pdf?sv=2019-02-02&ss=f&srt=o&sp=r&se=2050-12-13T18:28:35Z&st=2019-12-13T10:28:35Z&spr=https,http&sig=Nh8ZxCMQSl8zg2AmJEallKUaZygzeBuTzJlFjVcNdYs%3D",ZF_6.4_ETG_AM,Schrack for Students,pdf,447 KB,Valid
treeitem-c4604c80-label,Schrack4Students > AT > Bücher > Elektrotechnik Grundlagen mit angewandter Mathematik 2023 > 6. Wechselstromtechnik,ExternalLink,"https://sfsrgproddiagnostics.file.core.windows.net/assets-production/dynamic_assets/ZF_6.5_ETG_AM.pdf?sv=2019-02-02&ss=f&srt=o&sp=r&se=2050-12-13T18:28:35Z&st=2019-12-13T10:28:35Z&spr=https,http&sig=Nh8ZxCMQSl8zg2AmJEallKUaZygzeBuTzJlFjVcNdYs%3D",ZF_6.5_ETG_AM,Schrack for Students,pdf,495 KB,Valid
treeitem-efcdda1a-label,Schrack4Students > AT > Bücher > Elektrotechnik Grundlagen mit angewandter Mathematik 2023 > 6. Wechselstromtechnik,YouTube,https://www.youtube.com/embed/tpcapYA93so?wmode=transparent&hl=de&rel=0,YouTube Video (tpcapYA93so),,video,,Valid
treeitem-efcdda1a-label,Schrack4Students > AT > Bücher > Elektrotechnik Grundlagen mit angewandter Mathematik 2023 > 6. Wechselstromtechnik,YouTube,https://www.youtube.com/embed/Zxueu3rsGoQ?wmode=transparent&hl=de&rel=0,YouTube Video (Zxueu3rsGoQ),,video,,Valid
treeitem-efcdda1a-label,Schrack4Students > AT > Bücher > Elektrotechnik Grundlagen mit angewandter Mathematik 2023 > 6. Wechselstromtechnik,YouTube,https://www.youtube.com/embed/8v0kw3ptQ4s?wmode=transparent&hl=de&rel=0,YouTube Video (8v0kw3ptQ4s),,video,,Valid
treeitem-efcdda1a-label,Schrack4Students > AT > Bücher > Elektrotechnik Grundlagen mit angewandter Mathematik 2023 > 6. Wechselstromtechnik,YouTube,https://www.youtube.com/embed/VgIu3kGkx4Y?wmode=transparent&hl=de&rel=0,YouTube Video (VgIu3kGkx4Y),,video,,Valid
treeitem-efcdda1a-label,Schrack4Students > AT > Bücher > Elektrotechnik Grundlagen mit angewandter Mathematik 2023 > 6. Wechselstromtechnik,YouTube,https://www.youtube.com/embed/_O4vuP095k0?wmode=transparent&hl=de&rel=0,YouTube Video (_O4vuP095k0),,video,,Valid
treeitem-efcdda1a-label,Schrack4Students > AT > Bücher > Elektrotechnik Grundlagen mit angewandter Mathematik 2023 > 6. Wechselstromtechnik,YouTube,https://www.youtube.com/embed/wVE1sQB_gOw?wmode=transparent&hl=de&rel=0,YouTube Video (wVE1sQB_gOw),,video,,Valid
treeitem-efcdda1a-label,Schrack4Students > AT > Bücher > Elektrotechnik Grundlagen mit angewandter Mathematik 2023 > 6. Wechselstromtechnik,ExternalLink,"https://sfsrgproddiagnostics.file.core.windows.net/assets-production/dynamic_assets/ZF_6.6_ETG_AM.pdf?sv=2019-02-02&ss=f&srt=o&sp=r&se=2050-12-13T18:28:35Z&st=2019-12-13T10:28:35Z&spr=https,http&sig=Nh8ZxCMQSl8zg2AmJEallKUaZygzeBuTzJlFjVcNdYs%3D",ZF_6.6_ETG_AM,Schrack for Students,pdf,601 KB,Valid
treeitem-516653bf-label,Schrack4Students > AT > Bücher > Elektrotechnik Grundlagen mit angewandter Mathematik 2023 > 6. Wechselstromtechnik,YouTube,https://www.youtube.com/embed/ZLe_OkahDoQ?wmode=transparent&hl=de&rel=0,YouTube Video (ZLe_OkahDoQ),,video,,Valid
treeitem-516653bf-label,Schrack4Students > AT > Bücher > Elektrotechnik Grundlagen mit angewandter Mathematik 2023 > 6. Wechselstromtechnik,ExternalLink,"https://sfsrgproddiagnostics.file.core.windows.net/assets-production/dynamic_assets/ZF_6.7_ETG_AM.pdf?sv=2019-02-02&ss=f&srt=o&sp=r&se=2050-12-13T18:28:35Z&st=2019-12-13T10:28:35Z&spr=https,http&sig=Nh8ZxCMQSl8zg2AmJEallKUaZygzeBuTzJlFjVcNdYs%3D",ZF_6.7_ETG_AM,Schrack for Students,pdf,424 KB,Valid
treeitem-2e14d1b2-label,Schrack4Students > AT > Bücher > Elektrotechnik Grundlagen mit angewandter Mathematik 2023 > 6. Wechselstromtechnik,YouTube,https://www.youtube.com/embed/HaaotZ1ShPc?wmode=transparent&hl=de&rel=0,YouTube Video (HaaotZ1ShPc),,video,,Valid
treeitem-2e14d1b2-label,Schrack4Students > AT > Bücher > Elektrotechnik Grundlagen mit angewandter Mathematik 2023 > 6. Wechselstromtechnik,ExternalLink,"https://sfsrgproddiagnostics.file.core.windows.net/assets-production/dynamic_assets/ZF_6.8_ETG_AM.pdf?sv=2019-02-02&ss=f&srt=o&sp=r&se=2050-12-13T18:28:35Z&st=2019-12-13T10:28:35Z&spr=https,http&sig=Nh8ZxCMQSl8zg2AmJEallKUaZygzeBuTzJlFjVcNdYs%3D",ZF_6.8_ETG_AM,Schrack for Students,pdf,420 KB,Valid
treeitem-71b17d18-label,Schrack4Students > AT > Bücher > Elektrotechnik Grundlagen mit angewandter Mathematik 2023 > 6. Wechselstromtechnik,YouTube,https://www.youtube.com/embed/z3jWJ-gsTWg?wmode=transparent&hl=de&rel=0,YouTube Video (z3jWJ-gsTWg),,video,,Valid
treeitem-71b17d18-label,Schrack4Students > AT > Bücher > Elektrotechnik Grundlagen mit angewandter Mathematik 2023 > 6. Wechselstromtechnik,ExternalLink,"https://sfsrgproddiagnostics.file.core.windows.net/assets-production/dynamic_assets/ZF_6.9_ETG_AM.pdf?sv=2019-02-02&ss=f&srt=o&sp=r&se=2050-12-13T18:28:35Z&st=2019-12-13T10:28:35Z&spr=https,http&sig=Nh8ZxCMQSl8zg2AmJEallKUaZygzeBuTzJlFjVcNdYs%3D",ZF_6.9_ETG_AM,Schrack for Students,pdf,375 KB,Valid
treeitem-3870e5e8-label,Schrack4Students > AT > Bücher > Elektrotechnik Grundlagen mit angewandter Mathematik 2023 > 6. Wechselstromtechnik,YouTube,https://www.youtube.com/embed/GVpSUxVwki8?wmode=transparent&hl=de&rel=0,YouTube Video (GVpSUxVwki8),,video,,Valid
treeitem-3870e5e8-label,Schrack4Students > AT > Bücher > Elektrotechnik Grundlagen mit angewandter Mathematik 2023 > 6. Wechselstromtechnik,YouTube,https://www.youtube.com/embed/ORhtQ1q6V74?wmode=transparent&hl=de&rel=0,YouTube Video (ORhtQ1q6V74),,video,,Valid
treeitem-3870e5e8-label,Schrack4Students > AT > Bücher > Elektrotechnik Grundlagen mit angewandter Mathematik 2023 > 6. Wechselstromtechnik,ExternalLink,"https://sfsrgproddiagnostics.file.core.windows.net/assets-production/dynamic_assets/ZF_6.10_ETG_AM.pdf?sv=2019-02-02&ss=f&srt=o&sp=r&se=2050-12-13T18:28:35Z&st=2019-12-13T10:28:35Z&spr=https,http&sig=Nh8ZxCMQSl8zg2AmJEallKUaZygzeBuTzJlFjVcNdYs%3D",ZF_6.10_ETG_AM,Schrack for Students,pdf,413 KB,Valid
treeitem-69c98d39-label,Schrack4Students > AT > Bücher > Elektrotechnik Grundlagen mit angewandter Mathematik 2023 > 6. Wechselstromtechnik,ExternalLink,"https://sfsrgproddiagnostics.file.core.windows.net/assets-production/dynamic_assets/ZF_6.11_ETG_AM.pdf?sv=2019-02-02&ss=f&srt=o&sp=r&se=2050-12-13T18:28:35Z&st=2019-12-13T10:28:35Z&spr=https,http&sig=Nh8ZxCMQSl8zg2AmJEallKUaZygzeBuTzJlFjVcNdYs%3D",ZF_6.11_ETG_AM,Schrack for Students,pdf,504 KB,Valid
treeitem-24bdd68a-label,Schrack4Students > AT > Bücher > Elektrotechnik Grundlagen mit angewandter Mathematik 2023 > 6. Wechselstromtechnik,YouTube,https://www.youtube.com/embed/GVpSUxVwki8?wmode=transparent&hl=de&rel=0,YouTube Video (GVpSUxVwki8),,video,,Valid
treeitem-24bdd68a-label,Schrack4Students > AT > Bücher > Elektrotechnik Grundlagen mit angewandter Mathematik 2023 > 6. Wechselstromtechnik,ExternalLink,"https://sfsrgproddiagnostics.file.core.windows.net/assets-production/dynamic_assets/ZF_6.12_ETG_AM.pdf?sv=2019-02-02&ss=f&srt=o&sp=r&se=2050-12-13T18:28:35Z&st=2019-12-13T10:28:35Z&spr=https,http&sig=Nh8ZxCMQSl8zg2AmJEallKUaZygzeBuTzJlFjVcNdYs%3D",ZF_6.12_ETG_AM,Schrack for Students,pdf,377 KB,Valid
treeitem-34f6ab69-label,Schrack4Students > AT > Bücher > Elektrotechnik Grundlagen mit angewandter Mathematik 2023 > 6. Wechselstromtechnik,YouTube,https://www.youtube.com/embed/GVpSUxVwki8?wmode=transparent&hl=de&rel=0,YouTube Video (GVpSUxVwki8),,video,,Valid
treeitem-34f6ab69-label,Schrack4Students > AT > Bücher > Elektrotechnik Grundlagen mit angewandter Mathematik 2023 > 6. Wechselstromtechnik,ExternalLink,"https://sfsrgproddiagnostics.file.core.windows.net/assets-production/dynamic_assets/ZF_6.13_ETG_AM.pdf?sv=2019-02-02&ss=f&srt=o&sp=r&se=2050-12-13T18:28:35Z&st=2019-12-13T10:28:35Z&spr=https,http&sig=Nh8ZxCMQSl8zg2AmJEallKUaZygzeBuTzJlFjVcNdYs%3D",ZF_6.13_ETG_AM,Schrack for Students,pdf,411 KB,Valid
treeitem-56bcdb46-label,Schrack4Students > AT > Bücher > Elektrotechnik Grundlagen mit angewandter Mathematik 2023 > 6. Wechselstromtechnik,YouTube,https://www.youtube.com/embed/GVpSUxVwki8?wmode=transparent&hl=de&rel=0,YouTube Video (GVpSUxVwki8),,video,,Valid
treeitem-56bcdb46-label,Schrack4Students > AT > Bücher > Elektrotechnik Grundlagen mit angewandter Mathematik 2023 > 6. Wechselstromtechnik,ExternalLink,"https://sfsrgproddiagnostics.file.core.windows.net/assets-production/dynamic_assets/ZF_6.14_ETG_AM.pdf?sv=2019-02-02&ss=f&srt=o&sp=r&se=2050-12-13T18:28:35Z&st=2019-12-13T10:28:35Z&spr=https,http&sig=Nh8ZxCMQSl8zg2AmJEallKUaZygzeBuTzJlFjVcNdYs%3D",ZF_6.14_ETG_AM,Schrack for Students,pdf,419 KB,Valid
treeitem-eff9d264-label,Schrack4Students > AT > Bücher > Elektrotechnik Grundlagen mit angewandter Mathematik 2023 > 6. Wechselstromtechnik,YouTube,https://www.youtube.com/embed/N0gxAipjO_Y?wmode=transparent&hl=de&rel=0,YouTube Video (N0gxAipjO_Y),,video,,Valid
treeitem-eff9d264-label,Schrack4Students > AT > Bücher > Elektrotechnik Grundlagen mit angewandter Mathematik 2023 > 6. Wechselstromtechnik,ExternalLink,"https://sfsrgproddiagnostics.file.core.windows.net/assets-production/dynamic_assets/ZF_6.15_ETG_AM.pdf?sv=2019-02-02&ss=f&srt=o&sp=r&se=2050-12-13T18:28:35Z&st=2019-12-13T10:28:35Z&spr=https,http&sig=Nh8ZxCMQSl8zg2AmJEallKUaZygzeBuTzJlFjVcNdYs%3D",ZF_6.15_ETG_AM,Schrack for Students,pdf,662 KB,Valid
treeitem-626419cc-label,Schrack4Students > AT > Bücher > Elektrotechnik Grundlagen mit angewandter Mathematik 2023 > 6. Wechselstromtechnik,YouTube,https://www.youtube.com/embed/soWbb23-5R4?wmode=transparent&hl=de&rel=0,YouTube Video (soWbb23-5R4),,video,,Valid
treeitem-626419cc-label,Schrack4Students > AT > Bücher > Elektrotechnik Grundlagen mit angewandter Mathematik 2023 > 6. Wechselstromtechnik,ExternalLink,"https://sfsrgproddiagnostics.file.core.windows.net/assets-production/dynamic_assets/ZF_6.16_ETG_AM.pdf?sv=2019-02-02&ss=f&srt=o&sp=r&se=2050-12-13T18:28:35Z&st=2019-12-13T10:28:35Z&spr=https,http&sig=Nh8ZxCMQSl8zg2AmJEallKUaZygzeBuTzJlFjVcNdYs%3D",ZF_6.16_ETG_AM,Schrack for Students,pdf,640 KB,Valid
treeitem-31e01084-label,Schrack4Students > AT > Bücher > Elektrotechnik Grundlagen mit angewandter Mathematik 2023 > 6. Wechselstromtechnik,ExternalLink,"https://sfsrgproddiagnostics.file.core.windows.net/assets-production/dynamic_assets/ZF_6.17_ETG_AM.pdf?sv=2019-02-02&ss=f&srt=o&sp=r&se=2050-12-13T18:28:35Z&st=2019-12-13T10:28:35Z&spr=https,http&sig=Nh8ZxCMQSl8zg2AmJEallKUaZygzeBuTzJlFjVcNdYs%3D",ZF_6.17_ETG_AM,Schrack for Students,pdf,567 KB,Valid
treeitem-7e97d58b-label,Schrack4Students > AT > Bücher > Elektrotechnik Grundlagen mit angewandter Mathematik 2023 > 6. Wechselstromtechnik,ExternalLink,"https://sfsrgproddiagnostics.file.core.windows.net/assets-production/dynamic_assets/ZF_6.18_ETG_AM.pdf?sv=2019-02-02&ss=f&srt=o&sp=r&se=2050-12-13T18:28:35Z&st=2019-12-13T10:28:35Z&spr=https,http&sig=Nh8ZxCMQSl8zg2AmJEallKUaZygzeBuTzJlFjVcNdYs%3D",ZF_6.18_ETG_AM,Schrack for Students,pdf,499 KB,Valid
treeitem-3fe1d9f3-label,Schrack4Students > AT > Bücher > Elektrotechnik Grundlagen mit angewandter Mathematik 2023 > 6. Wechselstromtechnik,ExternalLink,"https://sfsrgproddiagnostics.file.core.windows.net/assets-production/dynamic_assets/ZF_6.19_ETG_AM.pdf?sv=2019-02-02&ss=f&srt=o&sp=r&se=2050-12-13T18:28:35Z&st=2019-12-13T10:28:35Z&spr=https,http&sig=Nh8ZxCMQSl8zg2AmJEallKUaZygzeBuTzJlFjVcNdYs%3D",ZF_6.19_ETG_AM,Schrack for Students,pdf,417 KB,Valid
treeitem-5664b5ea-label,Schrack4Students > AT > Bücher > Elektrotechnik Grundlagen mit angewandter Mathematik 2023 > 6. Wechselstromtechnik,YouTube,https://www.youtube.com/embed/GY27YCmU7_E?wmode=transparent&hl=de&rel=0,YouTube Video (GY27YCmU7_E),,video,,Valid
treeitem-5664b5ea-label,Schrack4Students > AT > Bücher > Elektrotechnik Grundlagen mit angewandter Mathematik 2023 > 6. Wechselstromtechnik,YouTube,https://www.youtube.com/embed/AvnZwvw2s4g?wmode=transparent&hl=de&rel=0,YouTube Video (AvnZwvw2s4g),,video,,Valid
treeitem-5664b5ea-label,Schrack4Students > AT > Bücher > Elektrotechnik Grundlagen mit angewandter Mathematik 2023 > 6. Wechselstromtechnik,YouTube,https://www.youtube.com/embed/bH-HC6nsLJs?wmode=transparent&hl=de&rel=0,YouTube Video (bH-HC6nsLJs),,video,,Valid
treeitem-5664b5ea-label,Schrack4Students > AT > Bücher > Elektrotechnik Grundlagen mit angewandter Mathematik 2023 > 6. Wechselstromtechnik,YouTube,https://www.youtube.com/embed/nqD8WC9DyZA?wmode=transparent&hl=de&rel=0,YouTube Video (nqD8WC9DyZA),,video,,Valid
treeitem-5664b5ea-label,Schrack4Students > AT > Bücher > Elektrotechnik Grundlagen mit angewandter Mathematik 2023 > 6. Wechselstromtechnik,ExternalLink,"https://sfsrgproddiagnostics.file.core.windows.net/assets-production/dynamic_assets/ZF_6.20_ETG_AM.pdf?sv=2019-02-02&ss=f&srt=o&sp=r&se=2050-12-13T18:28:35Z&st=2019-12-13T10:28:35Z&spr=https,http&sig=Nh8ZxCMQSl8zg2AmJEallKUaZygzeBuTzJlFjVcNdYs%3D",ZF_6.20_ETG_AM,Schrack for Students,pdf,589 KB,Valid
treeitem-9e8892c4-label,Schrack4Students > AT > Bücher > Elektrotechnik Grundlagen mit angewandter Mathematik 2023 > 6. Wechselstromtechnik,ExternalLink,"https://sfsrgproddiagnostics.file.core.windows.net/assets-production/dynamic_assets/ZF_6.21_ETG_AM.pdf?sv=2019-02-02&ss=f&srt=o&sp=r&se=2050-12-13T18:28:35Z&st=2019-12-13T10:28:35Z&spr=https,http&sig=Nh8ZxCMQSl8zg2AmJEallKUaZygzeBuTzJlFjVcNdYs%3D",ZF_6.21_ETG_AM,Schrack for Students,pdf,702 KB,Valid
treeitem-fcf936c8-label,Schrack4Students > AT > Bücher > Elektrotechnik Grundlagen mit angewandter Mathematik 2023 > 6. Wechselstromtechnik,ExternalLink,"https://sfsrgproddiagnostics.file.core.windows.net/assets-production/dynamic_assets/ZF_6.22ETG_AM.pdf?sv=2019-02-02&ss=f&srt=o&sp=r&se=2050-12-13T18:28:35Z&st=2019-12-13T10:28:35Z&spr=https,http&sig=Nh8ZxCMQSl8zg2AmJEallKUaZygzeBuTzJlFjVcNdYs%3D",ZF_6.22_ETG_AM,Schrack for Students,pdf,679 KB,Valid
treeitem-3aa5cd43-label,Schrack4Students > AT > Bücher > Elektrotechnik Grundlagen mit angewandter Mathematik 2023 > 6. Wechselstromtechnik,YouTube,https://www.youtube.com/embed/X2SSwHio1mY?wmode=transparent&hl=de&rel=0,YouTube Video (X2SSwHio1mY),,video,,Valid
treeitem-3aa5cd43-label,Schrack4Students > AT > Bücher > Elektrotechnik Grundlagen mit angewandter Mathematik 2023 > 6. Wechselstromtechnik,ExternalLink,"https://sfsrgproddiagnostics.file.core.windows.net/assets-production/dynamic_assets/ZF_6.23_ETG_AM.pdf?sv=2019-02-02&ss=f&srt=o&sp=r&se=2050-12-13T18:28:35Z&st=2019-12-13T10:28:35Z&spr=https,http&sig=Nh8ZxCMQSl8zg2AmJEallKUaZygzeBuTzJlFjVcNdYs%3D",ZF_6.23_ETG_AM,Schrack for Students,pdf,786 KB,Valid
treeitem-f9271d32-label,Schrack4Students > AT > Bücher > Elektrotechnik Grundlagen mit angewandter Mathematik 2023 > 7. Drehstrom,YouTube,https://www.youtube.com/embed/Lr6KMr3_-bU?wmode=transparent&hl=de&rel=0,YouTube Video (Lr6KMr3_-bU),,video,,Valid
treeitem-f9271d32-label,Schrack4Students > AT > Bücher > Elektrotechnik Grundlagen mit angewandter Mathematik 2023 > 7. Drehstrom,YouTube,https://www.youtube.com/embed/wlUthjYcl5o?wmode=transparent&hl=de&rel=0,YouTube Video (wlUthjYcl5o),,video,,Valid
treeitem-f9271d32-label,Schrack4Students > AT > Bücher > Elektrotechnik Grundlagen mit angewandter Mathematik 2023 > 7. Drehstrom,YouTube,https://www.youtube.com/embed/T-gFgnG7XU8?wmode=transparent&hl=de&rel=0,YouTube Video (T-gFgnG7XU8),,video,,Valid
treeitem-f9271d32-label,Schrack4Students > AT > Bücher > Elektrotechnik Grundlagen mit angewandter Mathematik 2023 > 7. Drehstrom,ExternalLink,"https://sfsrgproddiagnostics.file.core.windows.net/assets-production/dynamic_assets/ZF_7.1_AM_ETG.pdf?sv=2019-02-02&ss=f&srt=o&sp=r&se=2050-12-13T18:28:35Z&st=2019-12-13T10:28:35Z&spr=https,http&sig=Nh8ZxCMQSl8zg2AmJEallKUaZygzeBuTzJlFjVcNdYs%3D",ZF_7.1_AM_ETG,Schrack for Students,pdf,396 KB,Valid
treeitem-0d29fdce-label,Schrack4Students > AT > Bücher > Elektrotechnik Grundlagen mit angewandter Mathematik 2023 > 7. Drehstrom,YouTube,https://www.youtube.com/embed/FNaDaJVFsdE?wmode=transparent&hl=de&rel=0,YouTube Video (FNaDaJVFsdE),,video,,Valid
treeitem-0d29fdce-label,Schrack4Students > AT > Bücher > Elektrotechnik Grundlagen mit angewandter Mathematik 2023 > 7. Drehstrom,ExternalLink,"https://sfsrgproddiagnostics.file.core.windows.net/assets-production/dynamic_assets/ZF_7.2_AM_ETG.pdf?sv=2019-02-02&ss=f&srt=o&sp=r&se=2050-12-13T18:28:35Z&st=2019-12-13T10:28:35Z&spr=https,http&sig=Nh8ZxCMQSl8zg2AmJEallKUaZygzeBuTzJlFjVcNdYs%3D",ZF_7.2_AM_ETG,Schrack for Students,pdf,389 KB,Valid
treeitem-0cba58dd-label,Schrack4Students > AT > Bücher > Elektrotechnik Grundlagen mit angewandter Mathematik 2023 > 7. Drehstrom,YouTube,https://www.youtube.com/embed/hdcqR7ag8MQ?wmode=transparent&hl=de&rel=0,YouTube Video (hdcqR7ag8MQ),,video,,Valid
treeitem-0cba58dd-label,Schrack4Students > AT > Bücher > Elektrotechnik Grundlagen mit angewandter Mathematik 2023 > 7. Drehstrom,ExternalLink,"https://sfsrgproddiagnostics.file.core.windows.net/assets-production/dynamic_assets/ZF_7.3_AM_ETG.pdf?sv=2019-02-02&ss=f&srt=o&sp=r&se=2050-12-13T18:28:35Z&st=2019-12-13T10:28:35Z&spr=https,http&sig=Nh8ZxCMQSl8zg2AmJEallKUaZygzeBuTzJlFjVcNdYs%3D",ZF_7.3_AM_ETG,Schrack for Students,pdf,295 KB,Valid
treeitem-2eecfa6a-label,Schrack4Students > AT > Bücher > Elektrotechnik Grundlagen mit angewandter Mathematik 2023 > 7. Drehstrom,YouTube,https://www.youtube.com/embed/Cv1ztry4n7o?wmode=transparent&hl=de&rel=0,YouTube Video (Cv1ztry4n7o),,video,,Valid
treeitem-2eecfa6a-label,Schrack4Students > AT > Bücher > Elektrotechnik Grundlagen mit angewandter Mathematik 2023 > 7. Drehstrom,ExternalLink,"https://sfsrgproddiagnostics.file.core.windows.net/assets-production/dynamic_assets/ZF_7.4_AM_ETG.pdf?sv=2019-02-02&ss=f&srt=o&sp=r&se=2050-12-13T18:28:35Z&st=2019-12-13T10:28:35Z&spr=https,http&sig=Nh8ZxCMQSl8zg2AmJEallKUaZygzeBuTzJlFjVcNdYs%3D",ZF_7.4_AM_ETG,Schrack for Students,pdf,303 KB,Valid
treeitem-7c2c5e10-label,Schrack4Students > AT > Bücher > Elektrotechnik Grundlagen mit angewandter Mathematik 2023 > 7. Drehstrom,YouTube,https://www.youtube.com/embed/UaZ5HblcVR8?wmode=transparent&hl=de&rel=0,YouTube Video (UaZ5HblcVR8),,video,,Valid
treeitem-7c2c5e10-label,Schrack4Students > AT > Bücher > Elektrotechnik Grundlagen mit angewandter Mathematik 2023 > 7. Drehstrom,ExternalLink,"https://sfsrgproddiagnostics.file.core.windows.net/assets-production/dynamic_assets/ZF_7.5_ETG_AM.pdf?sv=2019-02-02&ss=f&srt=o&sp=r&se=2050-12-13T18:28:35Z&st=2019-12-13T10:28:35Z&spr=https,http&sig=Nh8ZxCMQSl8zg2AmJEallKUaZygzeBuTzJlFjVcNdYs%3D",ZF_7.5_ETG_AM,Schrack for Students,pdf,427 KB,Valid
treeitem-e760bd02-label,Schrack4Students > AT > Bücher > Elektrotechnik Grundlagen mit angewandter Mathematik 2023 > 7. Drehstrom,YouTube,https://www.youtube.com/embed/UaZ5HblcVR8?wmode=transparent&hl=de&rel=0,YouTube Video (UaZ5HblcVR8),,video,,Valid
treeitem-e760bd02-label,Schrack4Students > AT > Bücher > Elektrotechnik Grundlagen mit angewandter Mathematik 2023 > 7. Drehstrom,ExternalLink,"https://sfsrgproddiagnostics.file.core.windows.net/assets-production/dynamic_assets/ZF_7.6_AM_ETG.pdf?sv=2019-02-02&ss=f&srt=o&sp=r&se=2050-12-13T18:28:35Z&st=2019-12-13T10:28:35Z&spr=https,http&sig=Nh8ZxCMQSl8zg2AmJEallKUaZygzeBuTzJlFjVcNdYs%3D",ZF_7.6_AM_ETG,Schrack for Students,pdf,330 KB,Valid
treeitem-c4b3a564-label,Schrack4Students > AT > Bücher > Elektrotechnik Grundlagen mit angewandter Mathematik 2023 > 7. Drehstrom,YouTube,https://www.youtube.com/embed/_VXvlWhm61M?wmode=transparent&hl=de&rel=0,YouTube Video (_VXvlWhm61M),,video,,Valid
treeitem-c4b3a564-label,Schrack4Students > AT > Bücher > Elektrotechnik Grundlagen mit angewandter Mathematik 2023 > 7. Drehstrom,ExternalLink,"https://sfsrgproddiagnostics.file.core.windows.net/assets-production/dynamic_assets/ZF_7.7_AM_ETG.pdf?sv=2019-02-02&ss=f&srt=o&sp=r&se=2050-12-13T18:28:35Z&st=2019-12-13T10:28:35Z&spr=https,http&sig=Nh8ZxCMQSl8zg2AmJEallKUaZygzeBuTzJlFjVcNdYs%3D",ZF_7.7_AM_ETG,Schrack for Students,pdf,411 KB,Valid
treeitem-beb6b8f4-label,Schrack4Students > AT > Bücher > Elektrotechnik Grundlagen mit angewandter Mathematik 2023 > 7. Drehstrom,YouTube,https://www.youtube.com/embed/C2geYkm9rgc?wmode=transparent&hl=de&rel=0,YouTube Video (C2geYkm9rgc),,video,,Valid
treeitem-beb6b8f4-label,Schrack4Students > AT > Bücher > Elektrotechnik Grundlagen mit angewandter Mathematik 2023 > 7. Drehstrom,ExternalLink,"https://sfsrgproddiagnostics.file.core.windows.net/assets-production/dynamic_assets/ZF_7.8_AM_ETG.pdf?sv=2019-02-02&ss=f&srt=o&sp=r&se=2050-12-13T18:28:35Z&st=2019-12-13T10:28:35Z&spr=https,http&sig=Nh8ZxCMQSl8zg2AmJEallKUaZygzeBuTzJlFjVcNdYs%3D",ZF_7.8_AM_ETG,Schrack for Students,pdf,418 KB,Valid
treeitem-84b9fe00-label,Schrack4Students > AT > Bücher > Elektrotechnik Grundlagen mit angewandter Mathematik 2023 > 7. Drehstrom,ExternalLink,"https://sfsrgproddiagnostics.file.core.windows.net/assets-production/dynamic_assets/ZF_7.9_AM_ETG.pdf?sv=2019-02-02&ss=f&srt=o&sp=r&se=2050-12-13T18:28:35Z&st=2019-12-13T10:28:35Z&spr=https,http&sig=Nh8ZxCMQSl8zg2AmJEallKUaZygzeBuTzJlFjVcNdYs%3D",ZF_7.9_AM_ETG,Schrack for Students,pdf,298 KB,Valid
treeitem-a2c55dac-label,Schrack4Students > AT > Bücher > Elektrotechnik Grundlagen mit angewandter Mathematik 2023 > 7. Drehstrom,ExternalLink,"https://sfsrgproddiagnostics.file.core.windows.net/assets-production/dynamic_assets/ZF_7.10_AM_ETG.pdf?sv=2019-02-02&ss=f&srt=o&sp=r&se=2050-12-13T18:28:35Z&st=2019-12-13T10:28:35Z&spr=https,http&sig=Nh8ZxCMQSl8zg2AmJEallKUaZygzeBuTzJlFjVcNdYs%3D",ZF_7.10_AM_ETG,Schrack for Students,pdf,311 KB,Valid
treeitem-7e6bc08f-label,Schrack4Students > AT > Bücher > Elektrotechnik Grundlagen mit angewandter Mathematik 2023 > 7. Drehstrom,ExternalLink,"https://sfsrgproddiagnostics.file.core.windows.net/assets-production/dynamic_assets/ZF_7.11_AM_ETG.pdf?sv=2019-02-02&ss=f&srt=o&sp=r&se=2050-12-13T18:28:35Z&st=2019-12-13T10:28:35Z&spr=https,http&sig=Nh8ZxCMQSl8zg2AmJEallKUaZygzeBuTzJlFjVcNdYs%3D",ZF_7.11_AM_ETG,SChrack for Students,pdf,365 KB,Valid
treeitem-b468165e-label,Schrack4Students > AT > Bücher > Elektrotechnik Grundlagen mit angewandter Mathematik 2023 > 7. Drehstrom,ExternalLink,"https://sfsrgproddiagnostics.file.core.windows.net/assets-production/dynamic_assets/ZF_7.12_AM_ETG.pdf?sv=2019-02-02&ss=f&srt=o&sp=r&se=2050-12-13T18:28:35Z&st=2019-12-13T10:28:35Z&spr=https,http&sig=Nh8ZxCMQSl8zg2AmJEallKUaZygzeBuTzJlFjVcNdYs%3D",ZF_7.12_AM_ETG,Schrack for Students,pdf,492 KB,Valid
treeitem-84ecd714-label,Schrack4Students > AT > Bücher > Elektrotechnik Grundlagen mit angewandter Mathematik 2023 > 7. Drehstrom,ExternalLink,"https://sfsrgproddiagnostics.file.core.windows.net/assets-production/dynamic_assets/ZF_7.13_AM_ETG.pdf?sv=2019-02-02&ss=f&srt=o&sp=r&se=2050-12-13T18:28:35Z&st=2019-12-13T10:28:35Z&spr=https,http&sig=Nh8ZxCMQSl8zg2AmJEallKUaZygzeBuTzJlFjVcNdYs%3D",ZF_7.13_AM_ETG,Schrack for Students,pdf,483 KB,Valid
treeitem-7b844b8e-label,Schrack4Students > AT > Bücher > Elektrotechnik Grundlagen mit angewandter Mathematik 2023 > 8. Ergänzende Kapitel zur Erweiterung der fachlichen Kompetenz,ExternalLink,"https://sfsrgproddiagnostics.file.core.windows.net/assets-production/dynamic_assets/ZF_8.1_AM_ETG.pdf?sv=2019-02-02&ss=f&srt=o&sp=r&se=2050-12-13T18:28:35Z&st=2019-12-13T10:28:35Z&spr=https,http&sig=Nh8ZxCMQSl8zg2AmJEallKUaZygzeBuTzJlFjVcNdYs%3D",ZF_8.1_AM_ETG,Schrack for Students,pdf,521 KB,Valid
treeitem-7ce79f3d-label,Schrack4Students > AT > Bücher > Elektrotechnik Grundlagen mit angewandter Mathematik 2023 > 8. Ergänzende Kapitel zur Erweiterung der fachlichen Kompetenz,YouTube,https://www.youtube.com/embed/PKalSj7k4WI?wmode=transparent&hl=de&rel=0,YouTube Video (PKalSj7k4WI),,video,,Valid
treeitem-7ce79f3d-label,Schrack4Students > AT > Bücher > Elektrotechnik Grundlagen mit angewandter Mathematik 2023 > 8. Ergänzende Kapitel zur Erweiterung der fachlichen Kompetenz,YouTube,https://www.youtube.com/embed/iPpe0m7_uy0?wmode=transparent&hl=de&rel=0,YouTube Video (iPpe0m7_uy0),,video,,Valid
treeitem-7ce79f3d-label,Schrack4Students > AT > Bücher > Elektrotechnik Grundlagen mit angewandter Mathematik 2023 > 8. Ergänzende Kapitel zur Erweiterung der fachlichen Kompetenz,ExternalLink,"https://sfsrgproddiagnostics.file.core.windows.net/assets-production/dynamic_assets/ZF_8.2_AM_ETG.pdf?sv=2019-02-02&ss=f&srt=o&sp=r&se=2050-12-13T18:28:35Z&st=2019-12-13T10:28:35Z&spr=https,http&sig=Nh8ZxCMQSl8zg2AmJEallKUaZygzeBuTzJlFjVcNdYs%3D",ZF_8.2_AM_ETG,Schrack for Students,pdf,510 KB,Valid
treeitem-d25c8000-label,Schrack4Students > AT > Bücher > Elektrotechnik Grundlagen mit angewandter Mathematik 2023 > 8. Ergänzende Kapitel zur Erweiterung der fachlichen Kompetenz,ExternalLink,"https://sfsrgproddiagnostics.file.core.windows.net/assets-production/dynamic_assets/ZF_8.3_AM_ETG.pdf?sv=2019-02-02&ss=f&srt=o&sp=r&se=2050-12-13T18:28:35Z&st=2019-12-13T10:28:35Z&spr=https,http&sig=Nh8ZxCMQSl8zg2AmJEallKUaZygzeBuTzJlFjVcNdYs%3D",ZF_8.3_AM_ETG,Schrack for Students,pdf,478 KB,Valid
treeitem-18b6998b-label,Schrack4Students > AT > Bücher > Elektrotechnik Grundlagen mit angewandter Mathematik 2023 > 8. Ergänzende Kapitel zur Erweiterung der fachlichen Kompetenz,ExternalLink,"https://sfsrgproddiagnostics.file.core.windows.net/assets-production/dynamic_assets/ZF_8.4_AM_ETG.pdf?sv=2019-02-02&ss=f&srt=o&sp=r&se=2050-12-13T18:28:35Z&st=2019-12-13T10:28:35Z&spr=https,http&sig=Nh8ZxCMQSl8zg2AmJEallKUaZygzeBuTzJlFjVcNdYs%3D",ZF_8.4_AM_ETG,Schrack for Students,pdf,477 KB,Valid
treeitem-b5424eea-label,Schrack4Students > AT > Bücher > Elektrotechnik Grundlagen mit angewandter Mathematik 2023 > 8. Ergänzende Kapitel zur Erweiterung der fachlichen Kompetenz,ExternalLink,"https://sfsrgproddiagnostics.file.core.windows.net/assets-production/dynamic_assets/ZF_8.5_AM_ETG.pdf?sv=2019-02-02&ss=f&srt=o&sp=r&se=2050-12-13T18:28:35Z&st=2019-12-13T10:28:35Z&spr=https,http&sig=Nh8ZxCMQSl8zg2AmJEallKUaZygzeBuTzJlFjVcNdYs%3D",ZF_8.5_AM_ETG,Schrack for Students,pdf,367 KB,Valid
treeitem-1bda3ccd-label,Schrack4Students > AT > Bücher > Elektrotechnik Grundlagen mit angewandter Mathematik 2023 > 8. Ergänzende Kapitel zur Erweiterung der fachlichen Kompetenz,YouTube,https://www.youtube.com/embed/tO2aCKbR3Wk?wmode=transparent&hl=de&rel=0,YouTube Video (tO2aCKbR3Wk),,video,,Valid
treeitem-1bda3ccd-label,Schrack4Students > AT > Bücher > Elektrotechnik Grundlagen mit angewandter Mathematik 2023 > 8. Ergänzende Kapitel zur Erweiterung der fachlichen Kompetenz,ExternalLink,"https://sfsrgproddiagnostics.file.core.windows.net/assets-production/dynamic_assets/ZF_8.6_AM_ETG.pdf?sv=2019-02-02&ss=f&srt=o&sp=r&se=2050-12-13T18:28:35Z&st=2019-12-13T10:28:35Z&spr=https,http&sig=Nh8ZxCMQSl8zg2AmJEallKUaZygzeBuTzJlFjVcNdYs%3D",ZF_8.6_AM_ETG,Schrack for Studens,pdf,521 KB,Valid
treeitem-74a50f17-label,Schrack4Students > AT > Bücher > Elektrotechnik Grundlagen mit angewandter Mathematik 2023 > 8. Ergänzende Kapitel zur Erweiterung der fachlichen Kompetenz,YouTube,https://www.youtube.com/embed/ia-O1yLjliE?wmode=transparent&hl=de&rel=0,YouTube Video (ia-O1yLjliE),,video,,Valid
treeitem-74a50f17-label,Schrack4Students > AT > Bücher > Elektrotechnik Grundlagen mit angewandter Mathematik 2023 > 8. Ergänzende Kapitel zur Erweiterung der fachlichen Kompetenz,ExternalLink,"https://sfsrgproddiagnostics.file.core.windows.net/assets-production/dynamic_assets/ZF_8.7_AM_ETG.pdf?sv=2019-02-02&ss=f&srt=o&sp=r&se=2050-12-13T18:28:35Z&st=2019-12-13T10:28:35Z&spr=https,http&sig=Nh8ZxCMQSl8zg2AmJEallKUaZygzeBuTzJlFjVcNdYs%3D",ZF_8.7_AM_ETG,Schrack for Students,pdf,693 KB,Valid
treeitem-e09927a6-label,Schrack4Students > AT > Bücher > Elektrotechnik Grundlagen mit angewandter Mathematik 2023 > 8. Ergänzende Kapitel zur Erweiterung der fachlichen Kompetenz,ExternalLink,"https://sfsrgproddiagnostics.file.core.windows.net/assets-production/dynamic_assets/ZF_8.8_AM_ETG.pdf?sv=2019-02-02&ss=f&srt=o&sp=r&se=2050-12-13T18:28:35Z&st=2019-12-13T10:28:35Z&spr=https,http&sig=Nh8ZxCMQSl8zg2AmJEallKUaZygzeBuTzJlFjVcNdYs%3D",ZF_8.8_AM_ETG,Schrack for Students,pdf,333 KB,Valid
treeitem-9c637152-label,Schrack4Students > AT > Bücher > Elektrotechnik Grundlagen mit angewandter Mathematik 2023 > 8. Ergänzende Kapitel zur Erweiterung der fachlichen Kompetenz,ExternalLink,"https://sfsrgproddiagnostics.file.core.windows.net/assets-production/dynamic_assets/ZF_8.9_AM_ETG.pdf?sv=2019-02-02&ss=f&srt=o&sp=r&se=2050-12-13T18:28:35Z&st=2019-12-13T10:28:35Z&spr=https,http&sig=Nh8ZxCMQSl8zg2AmJEallKUaZygzeBuTzJlFjVcNdYs%3D",ZF_8.9_AM_ETG,Schrack for Students,pdf,411 KB,Valid
treeitem-414f88f8-label,Schrack4Students > AT > Bücher > Elektrotechnik Grundlagen mit angewandter Mathematik 2023 > 8. Ergänzende Kapitel zur Erweiterung der fachlichen Kompetenz,ExternalLink,"https://sfsrgproddiagnostics.file.core.windows.net/assets-production/dynamic_assets/ZF_8.10_AM_ETG.pdf?sv=2019-02-02&ss=f&srt=o&sp=r&se=2050-12-13T18:28:35Z&st=2019-12-13T10:28:35Z&spr=https,http&sig=Nh8ZxCMQSl8zg2AmJEallKUaZygzeBuTzJlFjVcNdYs%3D",ZF_8.10_AM_ETG,Schrack for Students,pdf,410 KB,Valid
